rank,Youtuber,subscribers,channel_type,video_views_rank
1,T-Series,245000000,Music,1
2,YouTube Movies,170000000,Games,4055159
3,MrBeast,166000000,Entertainment,48
4,Cocomelon - Nursery Rhymes,162000000,Education,2
5,SET India,159000000,Entertainment,3
6,Music,119000000,Music,4057944
7,ýýý Kids Diana Show,112000000,Entertainment,5
8,PewDiePie,111000000,Entertainment,44
9,Like Nastya,106000000,People,630
10,Vlad and Niki,98900000,Entertainment,8
11,Zee Music Company,96700000,Music,12
12,WWE,96000000,Sports,7
13,Gaming,93600000,Games,4057944
14,BLACKPINK,89800000,Music,32
15,Goldmines,86900000,Music,4056562
16,Sony SAB,83000000,Entertainment,4
17,5-Minute Crafts,80100000,Entertainment,4057901
18,BANGTANTV,75600000,Music,112
19,Sports,75000000,Entertainment,3898122
20,Justin Bieber,71600000,Music,38
21,HYBE LABELS,71300000,Music,46
22,Zee TV,70500000,Entertainment,9
23,Pinkfong Baby Shark - Kids' Songs & Stories,68200000,Education,23
24,Canal KondZilla,66500000,Music,25
25,ChuChu TV Nursery Rhymes & Kids Songs,65900000,Education,18
26,Shemaroo Filmi Gaane,65600000,Music,47
27,Colors TV,64600000,Entertainment,10
28,T-Series Bhakti Sagar,61000000,Music,4053938
29,Dude Perfect,59500000,Sports,182
30,Movieclips,59500000,Film,11
31,Tips Official,59300000,Music,30
32,El Reino Infantil,58400000,Music,13
33,Wave Music,58000000,Music,21
34,Aaj Tak,57600000,News,71
35,Sony Music India,57200000,Music,45
36,EminemMusic,56900000,Music,59
37,Marshmello,56400000,Music,233
38,YRF,54600000,Music,28
39,LooLoo Kids - Nursery Rhymes and Children's Songs,54000000,nan,3800129
40,Ed Sheeran,53500000,Music,39
41,Infobells - Hindi,53300000,Education,37
42,Taylor Swift,52900000,Music,40
43,Ariana Grande,52700000,Music,78
44,BillionSurpriseToys  - Nursery Rhymes & Cartoons,52200000,Education,450
45,JuegaGerman,48100000,Games,237
46,Billie Eilish,47900000,Music,263
47,Get Movies,47500000,Film,35
48,Shemaroo,47400000,Entertainment,97
49,Badabun,46800000,Music,4047729
50,SonyMusicIndiaVEVO,46600000,Music,55
51,A4,46300000,People,4053056
52,Bad Bunny,46100000,Sports,4046070
53,Fernanfloo,46100000,Games,419
54,Voot Kids,45500000,Entertainment,105
55,Felipe Neto,45200000,Entertainment,174
56,Vocï¿½ï¿½ï¿½,44700000,Entertainment,681
57,HAR PAL GEO,44600000,Entertainment,20
58,BRIGHT SIDE,44500000,nan,4057944
59,Katy Perry,44200000,Music,70
60,whinderssonnunes,44200000,Comedy,1741
61,ABS-CBN Entertainment,44200000,Entertainment,16
62,Alan Walker,43700000,Film,4056116
63,HolaSoyGerman.,43600000,People,4047806
64,Shakira,43500000,Howto,52
65,ýýýýýýýý ýý ýýýýýýýýýýýýýý,43200000,Education,26
66,ARY Digital HD,43200000,Entertainment,24
67,Speed Records,42500000,Music,62
68,Masha and The Bear,42400000,Film,74
69,Like Nastya Show,42400000,Entertainment,128
70,Rihanna,41900000,Music,98
71,Ishtar Music,41400000,Music,155
72,Kimberly Loaiza,41300000,People,1157
73,Little Baby Bum - Nursery Rhymes & Kids Songs,40900000,Education,22
74,Luisito Comunica,40600000,Comedy,3612215
75,elrubiusOMG,40400000,Entertainment,756
76,Toys and Colors,40300000,People,3989650
77,shfa2 - ï¿½ï¿½,39700000,People,81
78,LUCCAS NETO - LUCCAS TOON,39400000,Games,4057895
79,CarryMinati,39200000,Comedy,2487
80,XXXTENTACION,39200000,Music,403
81,Super Simple Songs - Kids Songs,39200000,Education,19
82,Mikecrack,39100000,Games,188
83,WorkpointOfficial,39000000,Entertainment,27
84,GR6 EXPLODE,38900000,Music,73
85,TEDx Talks,38600000,Nonprofit,768
86,shfa,38400000,Games,150882
87,Goldmines Gaane Sune Ansune,38300000,Music,170
88,One Direction,38200000,Music,539848
89,TheEllenShow,38200000,Entertainment,93
90,Sony PAL,38200000,Entertainment,49
91,Daddy Yankee,38000000,Music,92
92,Vlad vï¿½ï¿½ï,37900000,Entertainment,84
93,Like Nastya ESP,37600000,Entertainment,145
94,ýýýýýýýýýýýý one31,37500000,Entertainment,56
95,Jkk Entertainment,37200000,Comedy,178
96,ABP NEWS,37000000,News,280
97,Maria Clara & JP,37000000,Entertainment,75
98,Bruno Mars,36700000,Music,134
99,Maroon 5,36600000,Music,96
100,Ultra Bollywood,36600000,Entertainment,205
101,PowerKids TV,36500000,Film,139
102,YouTube,36300000,Entertainment,2860
103,News,36300000,nan,4057944
104,Ozuna,36200000,Music,87
105,MrBeast Gaming,36100000,Comedy,4057305
106,La Granja de Zenï¿½,35700000,Music,58
107,Saregama Music,35500000,Music,199
108,IndiaTV,35500000,News,185
109,T-Series Bollywood Classics,35400000,Music,94
110,Total Gaming,35400000,Autos,4056447
111,Markiplier,35200000,Games,119
112,Ryan's World,35200000,Entertainment,15
113,Genevieve's Playhouse - Learning Videos for Kids,34900000,Film,69
114,T-Series Apna Punjab,34600000,News,4057944
115,Techno Gamerz,34400000,Games,4057311
116,Geet MP3,34300000,Music,299
117,J Balvin,34100000,Music,89
118,Jess No Limit,34000000,Entertainment,1882
119,Jingle Toons,34000000,Film,360
120,VEGETTA777,33800000,Games,211
121,Galinha Pintadinha,33800000,Film,54
122,SSSniperWolf,33700000,Entertainment,83
123,Desi Music Factory,33700000,Music,4057699
124,Selena Gomez,33600000,Music,288
125,Rajshri,33500000,Entertainment,222
126,Ch3Thailand,33500000,Entertainment,41
127,KHANDESHI MOVIES,33500000,Comedy,357
128,NoCopyrightSounds,33400000,Music,402
129,CVS 3D Rhymes & Kids Songs,33400000,Education,120
130,Ricis Official,33300000,Entertainment,1043
131,BabyBus - Kids Songs and Cartoons,32800000,Education,64
132,Eros Now Music,32700000,Entertainment,8055
133,BETER Bï¿½ï¿½,32700000,Games,137
134,DisneyMusicVEVO,32700000,Music,50
135,The Weeknd,32600000,Music,85
136,WowKidz,32200000,Entertainment,4053139
137,KAROL G,32100000,Music,140
138,Mr Bean,32100000,Comedy,400
139,rezendeevil,32100000,Entertainment,287
140,StarPlus,32000000,Entertainment,60
141,SMTOWN,31900000,Music,53
142,GMA  Network,31900000,Entertainment,129
143,GENIAL,31800000,Howto,884
144,MR. INDIAN HACKER,31700000,Tech,1132
145,Worldwide Records Bhojpuri,31700000,Music,177
146,DONA ï¿½ï¿½,31700000,Entertainment,110
147,Dream,31700000,Games,2986
148,Lucas and Marcus,31600000,Entertainment,339
149,JustinBieberVEVO,31600000,Music,63
150,Luis Fonsi,31400000,nan,4057944
151,Peppa Pig - Official Channel,31400000,Education,91
152,YOLO AVENTURAS,31200000,Comedy,3361188
153,The Tonight Show Starring Jimmy Fallon,31200000,Comedy,166
154,TheDonato,31200000,Games,997
155,ImagineDragons,30700000,Music,169
156,Diana and Roma ESP,30700000,Entertainment,313
157,Round2hell,30700000,Entertainment,2687
158,Zee News,30500000,News,168
159,AboFlah,30500000,Entertainment,1573
160,AH,30400000,Entertainment,1701
161,Trap Nation,30400000,Music,255
162,ýýýýýýýýýýýýýýý ýýýýýý ýýýýýýýýýýýýýýýýýý,30400000,Entertainment,147
163,Boram Tube Vlog [ï¿½ï¿½ï¿½ï¿½ï¿½ï¿½ï¿½ï¿½ï¿,30300000,Entertainment,269
164,Adele,30200000,Music,248
165,Talking Tom,30200000,Entertainment,4057345
166,ýýýýýýýý ýýýýýýýý ýýýýýýýýýý | toyoraljanahtv,30200000,Music,51
167,Frost Diamond,30100000,nan,4057944
168,Spinnin' Records,30100000,Music,127
169,Little Angel: Nursery Rhymes & Kids Songs,30100000,Education,95
170,jacksepticeye,30100000,Games,183
171,Shawn Mendes,30000000,Music,295
172,ashish chanchlani vines,29800000,Comedy,1622
173,Ultra Records,29600000,Music,165
174,Popular on YouTube,29300000,Education,4019724
175,Maluma,29300000,People,4051498
176,Zhong,29200000,Entertainment,230
177,Enaldinho,29200000,Games,338
178,AuronPlay,29200000,Comedy,1852
179,Shorts Break,29000000,nan,3997024
180,infobells - Tamil,28900000,Education,149
181,Aditya Music India,28500000,Music,4057944
182,The Late Late Show with James Corden,28400000,Entertainment,445
183,Aditya Movies,28400000,Film,432
184,Masha y el Oso,28300000,nan,4057907
185,infobells - Telugu,28300000,Education,223
186,HUM TV,28300000,Entertainment,80
187,Shemaroo Movies,28200000,Film,721
188,Michael Jackson,28200000,Music,242
189,Drake,28100000,Film,4011030
190,Goldmines Dishoom,28000000,Film,587
191,Sandeep Maheshwari,27800000,nan,4057944
192,Bounce Patrol - Kids Songs,27800000,Music,111
193,toycantando,27700000,Music,197
194,MrBeast 2,27500000,Music,2161873
195,Wiz Khalifa,27500000,Music,275
196,JYP Entertainment,27400000,Music,124
197,ýýý Kids Roma Show,27400000,Entertainment,418
198,DanTDM,27400000,Games,132
199,Nick Jr.,27300000,Entertainment,100
200,Crazy XYZ,27300000,Tech,707
201,ToyPuddingTV,27100000,People,4052296
202,Dushyant kukreja,27100000,Entertainment,159
203,Gulshan Kalra,27100000,Howto,296
204,Brent Rivera,27000000,Entertainment,909
205,Renato Garcia YT,26900000,Entertainment,664
206,Beast Reacts,26700000,Entertainment,1632
207,enchufetv,26700000,Comedy,420
208,Netflix,26700000,Entertainment,797
209,Raffy Tulfo in Action,26500000,News,219
210,WORLDSTARHIPHOP,26500000,Music,117
211,Goldmines Bollywood,26400000,Film,588
212,Alan Chikin Chow,26400000,Comedy,61
213,PANDA BOI,26400000,Entertainment,158
214,BB Ki Vines,26300000,Entertainment,1462
215,D Billions,26200000,Entertainment,33
216,Junya.ï¿½ï¿½ï¿½ï¿½,26200000,Entertainment,184
217,Smosh,26100000,Comedy,410
218,1MILLION Dance Studio,26100000,Music,4057944
219,NichLmao,26000000,People,249
220,Beyoncï¿,26000000,Music,163
221,Marï¿½ï¿½ï¿½ï¿½ï¿½,26000000,Music,4057142
222,Indosiar,25900000,Entertainment,358
223,VanossGaming,25800000,Games,206
224,David Guetta,25700000,Music,153
225,LosPolinesios,25700000,People,746
226,Nicki Minaj,25700000,Music,425
227,Fede Vigevani,25600000,nan,4057944
228,TaylorSwiftVEVO,25600000,Music,67
229,ZHC,25500000,Entertainment,4042995
230,Post Malone,25500000,Music,243
231,Rans Entertainment,25400000,Entertainment,942
232,LankyBox,25400000,Games,29
233,Coldplay,25300000,Music,160
234,Las Ratitas,25200000,People,4051936
235,WB Kids,25200000,Film,375
236,ABPLIVE,25200000,People,4026389
237,Chris Brown,25200000,nan,3612215
238,The Lallantop,25200000,News,408
239,RihannaVEVO,25100000,Music,130
240,WatchMojo.com,25100000,Entertainment,180
241,TRANS7 OFFICIAL,25000000,Entertainment,251
242,Anuel AA,25000000,Music,225
243,Dan Rhodes,24800000,Entertainment,157
244,Yuya,24800000,Howto,3505
245,America's Got Talent,24800000,Entertainment,2122
246,mujjuu___14,24800000,People,234
247,EminemVEVO,24700000,Music,115
248,Chloe Ting,24700000,Howto,2897
249,KatyPerryVEVO,24600000,Music,82
250,Mark Rober,24600000,Tech,2178
251,1theK (ï¿½ï¿½ï¿½ï¿½ï,24500000,Entertainment,79
252,Like Nastya AE,24400000,Entertainment,312
253,Amit Bhadana,24300000,People,4054185
254,Pen Movies,24300000,Film,903
255,MrBeast en Espaï¿½ï,24200000,Entertainment,3309
256,shfa show India,24200000,People,203
257,Super JoJo - Nursery Rhymes & Kids Songs,24100000,Education,40117
258,Alejo Igoa,24100000,Entertainment,376
259,Daniel LaBelle,24100000,Comedy,290
260,netd mï¿½ï¿,24100000,Music,14
261,DJ Snake,24100000,Music,602
262,Diana and Roma ARA,24100000,Entertainment,379
263,KSI,24100000,Music,1053
264,Spider Slack,24000000,Comedy,252
265,Goldmines Movies,24000000,People,4057888
266,Preston,24000000,Entertainment,621
267,James Charles,23900000,Entertainment,1860
268,Collins Key,23900000,Entertainment,911
269,Diana and Roma EN,23900000,Entertainment,787
270,Venus Entertainment,23800000,Entertainment,367929
271,Troom Troom,23800000,Howto,412
272,Enrique Iglesias,23800000,Music,154
273,Ninja,23700000,Games,3590
274,FaZe Rug,23700000,Games,4057944
275,Mister Max,23700000,Entertainment,208
276,That Little Puff,23700000,Animals,118
277,NickyJamTV,23600000,Music,193
278,Juan De Dios Pantoja,23600000,People,4529
279,Logan Paul,23600000,Entertainment,1057
280,Maya and Mary,23600000,Entertainment,883
281,Peppa Pig Espaï¿½ï¿½ï¿½ï¿½ï¿½ï¿½ï¿½ï¿½ï¿½,23600000,Film,668
282,Jelly,23500000,Games,229
283,Miss Katy,23500000,Entertainment,235
284,Tilak,23400000,Film,493
285,Valentina Pontes ofc,23400000,Entertainment,667
286,Sesame Street,23300000,Entertainment,99
287,Happy Lives,23200000,Entertainment,4053372
288,Lady Gaga,23200000,Music,198
289,Akshay Nagwadiya,23200000,Entertainment,660
290,Wave Music Bhojpuri,23100000,Music,293
291,GMM GRAMMY OFFICIAL,23100000,Music,68
292,TED,23100000,Tech,3568
293,unknown boy varun,23100000,Music,506
294,Kids TV - Nursery Rhymes And Baby Songs,23100000,Music,282
295,Tsuriki Show,23000000,Comedy,34
296,Technical Guruji,23000000,Tech,2420
297,DrossRotzank,23000000,Entertainment,1040
298,White Hill Music,23000000,Music,382
299,Ultra Movie Parlour,22900000,Film,1248
300,Alan Becker,22900000,Games,4057944
301,toyorbabytv,22900000,Music,181
302,BabyBus - Canciones Infantiles & Videos para Niï¿½ï,22900000,Education,278
303,KL BRO Biju Rithvik,22800000,Entertainment,143
304,Vania Mania Kids,22700000,Education,438
305,Like Nastya PRT,22700000,Entertainment,344
306,Sun TV,22600000,Entertainment,109
307,Heroindori,22600000,Entertainment,508
308,The Chainsmokers,22600000,Music,246
309,mmoshaya,22600000,Entertainment,156
310,Sia,22600000,Music,273
311,LeoNata Family,22600000,People,57
312,Goldmines Cineplex,22500000,Film,3793
313,Vlad and Niki Arabic,22500000,Entertainment,399
314,SSundee,22500000,Games,261
315,Paulo Londra,22400000,Music,648
316,Smile Family,22300000,Music,3805801
317,FGTeeV,22300000,Games,77
318,Kinder Spielzeug Kanal (Kidibli),22200000,Entertainment,370
319,Charlie Puth,22000000,Music,449
320,Vlad and Niki ESP,22000000,Entertainment,591
321,Sagawa /ï¿½ï¿½ï¿½,22000000,Entertainment,144
322,Ben Azelart,21900000,Entertainment,1620
323,Zach Choi ASMR,21900000,People,1069
324,Topper Guild,21900000,Comedy,204
325,Disney Latinoamï¿½ï¿½,21900000,Music,1277277
326,Stokes Twins,21800000,People,1610
327,National Geographic,21800000,Entertainment,1158
328,Dua Lipa,21800000,Music,368
329,OneDirectionVEVO,21800000,Music,322
330,Rotana,21800000,Music,926975
331,Netflix India,21800000,People,4052308
332,Sourav Joshi Vlogs,21700000,People,498
333,ZAMZAM ELECTRONICS TRADING,21700000,People,608
334,DUDU e CAROL,21600000,Entertainment,481
335,Village Cooking Channel,21600000,Howto,1082
336,Eva Bravo Play,21600000,Entertainment,507
337,Tekashi 6ix9ine,21500000,Music,1081
338,Tlnovelas,21500000,Entertainment,1936958
339,SMOL,21500000,Music,4057657
340,invictor,21500000,People,4038708
341,YOLO,21400000,nan,4057944
342,Sidhu Moose Wala,21400000,Music,987
343,The Royalty Family,21300000,People,982
344,Becky G,21300000,Music,396
345,Ishaan Ali 11,21300000,People,301
346,Infinite,21300000,Entertainment,1296
347,Azhan5star,21300000,Entertainment,436
348,Dangal TV Channel,21300000,Entertainment,291
349,Khan GS Research Centre,21200000,People,4057930
350,GMA Public  Affairs,21200000,News,359
351,Tasty,21100000,Howto,1113
352,Baim Paula,21100000,Entertainment,1583
353,nigahiga,21000000,Entertainment,1671
354,Rafa & Luiz,21000000,Entertainment,695
355,Lyrical Lemonade,21000000,Entertainment,398
356,Vlad and Niki IDN,21000000,Entertainment,464
357,Dr. Vivek Bindra: Motivational Speaker,20900000,Education,6082
358,Fatos Desconhecidos,20900000,Entertainment,2033
359,Brave Wilderness,20900000,Animals,1396
360,LIV Crime,20900000,People,372
361,Minecraft - Topic,20900000,Games,4057944
362,Romeo Santos,20900000,Music,2595710
363,Canal Canalha,20800000,Comedy,5407
364,Kurzgesagt ï¿½ï¿½ï¿½ï¿½ï¿½ï¿,20800000,Education,3914
365,Yoeslan,20700000,Entertainment,146
366,5-Minute Crafts DIY,20700000,Howto,1334
367,Zach King,20700000,Entertainment,3997461
368,tuzelity SHUFFLE,20700000,People,570
369,NBA,20700000,Sports,304
370,Deddy Corbuzier,20600000,Entertainment,3539124
371,Bizarrap,20600000,Entertainment,711
372,Avicii,20600000,Music,421
373,Mnet K-POP,20500000,Entertainment,220
374,LazarBeam,20500000,Games,565
375,Ninja Kidz TV,20500000,Entertainment,377
376,Totoy kids - Portuguï¿½,20400000,Film,5673
377,Jake Paul,20400000,People,778
378,Linkin Park,20400000,Games,4057944
379,Vijay Television,20400000,Entertainment,43
380,SlivkiShow,20400000,Entertainment,1489
381,Emiway Bantai,20400000,Music,2236
382,Got Talent Global,20300000,Entertainment,3750
383,ýýýýýýýýýýýýýýý - Genevieve's Playhouse,20300000,Education,380
384,BabyBus - Cerita & Lagu Anak-anak,20300000,Education,332
385,Ami Rodriguez,20200000,Entertainment,2959
386,Noor Stars,20200000,Entertainment,3238
387,Family GamesTV,20200000,Games,4057944
388,Kiddiestv Hindi - Nursery Rhymes & Kids Songs,20200000,Education,780
389,dednahype,20200000,Comedy,108
390,Marta and Rustam,20200000,Comedy,126
391,MiawAug,20200000,Games,1023
392,CookieSwirlC,20100000,Games,86
393,Skrillex,20100000,Music,905
394,AuthenticGames,20100000,Games,549
395,Robin Hood Gamer,20100000,Games,4057944
396,Pencilmation,20100000,Entertainment,366
397,7clouds,20100000,Music,227
398,5-Minute Crafts PLAY,20100000,Howto,1014
399,Marvel Entertainment,20100000,Film,4054962
400,BuzzFeedVideo,20100000,People,150
401,REACT,20000000,Entertainment,281
402,Vevo,20000000,Music,22747
403,Gordon Ramsay,20000000,Entertainment,2001
404,Pentatonix,20000000,Entertainment,4051673
405,Green Gold TV - Official Channel,20000000,Entertainment,473
406,Gusttavo Lima Oficial,19900000,Music,258
407,HaerteTest,19800000,Tech,2583
408,Crafty Panda,19800000,Entertainment,1120
409,SOMOY TV,19800000,News,1291541
410,JennaMarbles,19700000,Comedy,5665
411,Troom Troom Es,19700000,Howto,747
412,Official Pink Panther,19700000,Games,4052414
413,Britain's Got Talent,19700000,Entertainment,364
414,SCTV,19700000,Music,2831648
415,AS Gaming,19600000,Games,3857915
416,Sony AATH,19600000,Entertainment,257
417,tabii Urdu,19600000,Entertainment,562
418,DaFuq!?Boom!,19600000,Entertainment,656
419,Clash of Clans,19600000,Games,1934
420,RKD Studios,19500000,Entertainment,1265
421,DLS News,19400000,News,4178
422,JukiLop,19400000,People,6674
423,etvteluguindia,19400000,Entertainment,88
424,FIFA,19400000,Sports,1186
425,Manoj  parihar,19300000,Howto,48846
426,Vsauce,19300000,Entertainment,3024
427,Unbox Therapy,19300000,Tech,1596
428,shane,19200000,Comedy,1705
429,Sonotek,19200000,Music,724
430,Jimmy Kimmel Live,19100000,Comedy,283
431,TheOdd1sOut,19100000,Comedy,1568
432,Goldmines Great Indian Comedy,19100000,Film,1279
433,Lil Nas X,19100000,Music,966
434,ýýýýýýýýýýýýýý ýýýý,19000000,Entertainment,1399
435,SUPER SLICK SLIME SAM,19000000,Howto,786
436,Wow Kidz Action,19000000,Entertainment,618
437,Turma da Mï¿½ï¿½,19000000,Film,260
438,Calvin Harris,19000000,Music,191
439,KBS WORLD TV,19000000,Entertainment,217
440,HiMan,18900000,Entertainment,3094
441,Masha e o Urso,18900000,nan,4057944
442,Little Angel Espaï¿½ï¿½ï¿½ï¿½ï¿½ï¿½ï¿½ï¿½ï¿½,18900000,Education,459
443,TED-Ed,18800000,Education,2163
444,Sidemen,18800000,Entertainment,1263
445,Cardi B,18800000,nan,4054469
446,Busy Fun Ltd,18800000,nan,4057882
447,Farruko,18800000,Music,485
448,ýýýýýýýýýýýýýýýýýýýýýý,18800000,Entertainment,483
449,Triggered Insaan,18800000,People,2508
450,CKN,18700000,Music,3188353
451,Ali-A,18700000,People,4053443
452,Shemaroo Comedy,18600000,Comedy,1033
453,Smile Family Spanish,18600000,Entertainment,830
454,GRAMMY GOLD OFFICIAL,18600000,Music,121
455,ýýýýýýýý ýýýýýýýýýý ýýýýýýýýýý | Arab Games Network,18600000,Games,566
456,Dan-Sa / Daniel Saboya,18500000,Music,45213
457,Marmok,18500000,Games,2356
458,The ACE Family,18500000,People,1572
459,Like Nastya Vlog,18500000,People,630
460,Willie Salim,18500000,People,1868
461,PDK Films,18400000,Entertainment,1825
462,TheWillyrex,18400000,Games,825
463,RsiamMusic : ï¿½ï¿½ï¿½ï¿½ï¿½ï¿½ï¿½ï¿½,18400000,Music,346
464,Dhar Mann,18400000,nan,4057944
465,shakiraVEVO,18400000,Music,72
466,Naisa Alifia Yuriza (N.A.Y),18300000,Entertainment,6502
467,Miley Cyrus,18300000,Entertainment,696
468,IShowSpeed,18300000,Games,6734
469,Good Mythical Morning,18300000,nan,3612215
470,Bobby chourasiya,18200000,People,452
471,INCRï¿½ï¿,18200000,Howto,2610
472,Jake Fellman,18100000,Entertainment,274
473,GEN HALILINTAR,18100000,Entertainment,2498
474,SQUEEZIE,18100000,Entertainment,443
475,Blippi - Educational Videos for Kids,18100000,Education,224
476,officialpsy,18100000,Music,393
477,Ajay Sharma,18100000,nan,4057944
478,Manual do Mundo,18000000,Tech,1922
479,How Ridiculous,18000000,Sports,478
480,And TV,18000000,Entertainment,4012108
481,Sebastiï¿½ï¿½ï¿½,18000000,Music,406
482,SonyMusicSouthVEVO,18000000,Music,148
483,TheGrefg,18000000,Games,950
484,BeatboxJCOP,18000000,Entertainment,539
485,David Dobrik,17900000,People,801
486,KatieAngel,17900000,Music,2014
487,RobleisIUTU,17900000,Games,1294
488,Lele Pons,17900000,Entertainment,1264
489,Demi Lovato,17900000,Music,858
490,Like Nastya VNM,17900000,Entertainment,455
491,Jason Derulo,17900000,Music,446
492,MGC Playhouse,17900000,Education,187
493,Zuni and Family,17900000,People,4057766
494,Priyal Kukreja,17800000,People,378
495,MSA previously My Story Animated,17800000,People,3976090
496,ýýýýýýýýý KIMPRO,17700000,People,125
497,Jane ASMR ï¿½ï¿½,17700000,People,762
498,ArianaGrandeVevo,17700000,Music,122
499,jaanvi patel,17700000,People,671
500,tanboy kun,17700000,Entertainment,2169
501,Lil Pump,17700000,Music,1785
502,Porta dos Fundos,17700000,Entertainment,705
503,News 24,17700000,News,880
504,Les' Copaque Production,17700000,Entertainment,531
505,El Payaso Plim Plim,17700000,Music,162
506,zbing z.,17600000,Games,511
507,MissaSinfonia,17600000,Comedy,4139
508,ýýýýýýýýý Liziqi,17600000,Howto,2917
509,The Game Theorists,17600000,nan,3612215
510,DeGoBooM,17600000,Games,973
511,JFlaMusic,17600000,Music,2056
512,FactTechz,17500000,Entertainment,4243
513,News18 India,17500000,News,770
514,Fun For Kids TV - Hindi Rhymes,17500000,Entertainment,723
515,IGN,17500000,Games,189
516,Aphmau,17400000,Games,152
517,AMARINTV : ï¿½ï¿½ï¿½ï¿½ï¿½ï¿½ï¿½ï¿½ï¿½ï¿½ï¿½ï¿½,17400000,News,286
518,ýýýýýýýýýýýýýýýý - Al-Remas,17400000,Music,371
519,Koray Zeynep,17400000,People,173
520,Apple,17300000,Tech,11274
521,Stubborn Facts,17300000,Entertainment,13315
522,Taarak Mehta Ka Ooltah Chashmah,17300000,Entertainment,356
523,HowToBasic,17300000,Howto,2146
524,PopularMMOs,17200000,Games,240
525,Marques Brownlee,17200000,Tech,2196
526,Anitta,17200000,Music,769
527,Jason Vlogs,17200000,People,4031958
528,El Reino a Jugar,17200000,Education,353
529,Willyrex,17200000,Games,1359
530,TheBrianMaps,17100000,Entertainment,1624
531,TRANS TV Official,17100000,Entertainment,472
532,Liza Koshy,17100000,Entertainment,4443
533,Queen Official,17000000,Music,385
534,Prajapati News,17000000,Entertainment,11662
535,Gaby and Alex,17000000,People,4057752
536,LuisFonsiVEVO,17000000,Music,241
537,Pop Chartbusters,16900000,Music,574
538,Guava Juice,16900000,Entertainment,527
539,EeOneGuy,16900000,Entertainment,2039
540,VICE,16900000,Entertainment,1543
541,Aayu and Pihu Show,16900000,People,510
542,Danny Fitt,16900000,Entertainment,488
543,Bispo Bruno Leonardo,16900000,Nonprofit,2307
544,DeToxoMoroxo,16800000,Music,4056488
545,Doggy Doggy Cartoons,16800000,nan,4057944
546,deepesh zo,16800000,People,4038822
547,Like Nastya IDN,16800000,Entertainment,795
548,Gato Galactico | GALï¿½ï¿,16800000,Entertainment,2129
549,Salman Noman,16700000,nan,4057674
550,CoryxKenshin,16700000,Games,814
551,With Kids[ï¿½ï¿½ï¿½ï¿½ï,16700000,Entertainment,559
552,Travis Scott,16700000,Music,564542
553,Tu COSMOPOLIS,16700000,People,1337
554,Ivana Alawi,16600000,People,8338
555,Werever2morro,16600000,Games,4057944
556,IDEAS EN 5 MINUTOS,16600000,nan,3108857
557,NMF News,16600000,News,749
558,SriBalajiMovies,16600000,Entertainment,497
559,Lahari Music - TSeries,16600000,Music,326
560,Younes Zarou,16600000,Entertainment,213
561,Jordan Matter,16600000,Entertainment,1088
562,ýýýýýýýý ýýýýýýýýýýýýýýýýýýýýýý,16500000,Entertainment,3778
563,FailArmy,16500000,Entertainment,2766
564,BBC News Hindi,16500000,News,821
565,FunFun Toy Doll TV,16500000,Entertainment,757
566,Sandra Cires Art,16400000,Entertainment,1938
567,Kaykai Salaider,16400000,Entertainment,1636
568,UFC - Ultimate Fighting Championship,16400000,Sports,806
569,Ch7HD,16400000,Entertainment,496
570,RCTI - LAYAR DRAMA INDONESIA,16400000,People,4057943
571,Alfredo Larin,16400000,Entertainment,4057780
572,GMMTV OFFICIALï¿½ï¿½,16400000,Entertainment,294
573,Matt Stonie,16300000,Entertainment,283499
574,Boyce Avenue,16300000,Music,913
575,Camila Cabello,16300000,Music,906
576,Little Mix,16300000,Music,740
577,SAM SMITH,16300000,Entertainment,428
578,Pitbull,16300000,Music,308
579,Bollywood Classics,16300000,Music,804
580,Technoblade,16300000,Games,6274
581,W2S,16300000,Entertainment,1455
582,Jennifer Lopez,16200000,Music,426
583,Kids Play,16200000,Entertainment,636
584,T3ddy,16200000,People,2898
585,JJ Olatunji,16200000,Entertainment,1856
586,POPS Kids,16200000,Film,462
587,Thairath Online,16200000,News,238
588,LEGO,16200000,Entertainment,116
589,XO TEAM,16200000,People,153622
590,AdMe,16200000,Music,4048675
591,ExtraPolinesios,16200000,People,3945744
592,Dyland PROS,16100000,Games,6986
593,Live,16100000,nan,4057944
594,Vlad and Niki ARA,16100000,Entertainment,759
595,Canal IN,16100000,Entertainment,3338
596,TWICE,16100000,Music,1343
597,Daily Dose Of Internet,16100000,Entertainment,851
598,FitDance,16100000,Entertainment,4006012
599,Panda Shorts,16100000,Sports,792
600,Disney Junior,16100000,Entertainment,196
601,La Rosa de Guadalupe,16100000,Games,4057944
602,sagar kalra (Shorts),16000000,People,921
603,wifistudy,16000000,Education,2855
604,Antrax,16000000,Games,2844
605,Enes Batur,16000000,Games,4057944
606,Totoy kids - Espaï¿½ï,16000000,Film,1048
607,ýýýýýýýýýý,15900000,Games,4057944
608,DopeLyrics,15900000,Music,444
609,jeffreestar,15900000,Howto,3474
610,Lyna,15900000,Games,919
611,MK MUSIC,15900000,Music,516
612,Unspeakable,15900000,People,530
613,Camilo,15900000,Music,871
614,Dear Sir,15800000,Education,8066
615,Narendra Modi,15800000,News,2406
616,Arif muhammad,15800000,Comedy,1816
617,Rotten Tomatoes Trailers,15800000,Film,285
618,Volga Video,15700000,Entertainment,463
619,DM - Desi Melodies,15700000,Music,1071
620,MY FAMILY,15700000,People,731590
621,Team Films Bhojpuri,15700000,Music,902
622,Zee Music Classic,15700000,Music,1174
623,Prime Video India,15700000,Entertainment,569
624,Caeli YT,15600000,Entertainment,7440
625,Kuplinov ï¿½ï¿½ï¿,15600000,Games,863
626,Linus Tech Tips,15600000,Tech,802
627,Juliana Baltar,15600000,Entertainment,2002
628,5-Minute Crafts FAMILY,15600000,Howto,1005
629,Blippi Espaï¿½ï,15500000,Education,538
630,Super Senya,15500000,nan,4057944
631,Katakit Baby TV,15500000,Music,954
632,Infobells Bangla,15500000,Education,687
633,ýýýýýýýý ýý ýýýýýýýý,15500000,Film,619
634,Henrique e Juliano,15500000,Music,236
635,Mr DegrEE,15500000,Entertainment,4057944
636,Kashvi Adlakha,15500000,Entertainment,300
637,Talking Tom & Friends,15500000,Film,956
638,ýýýýýýýý ýýýýýýýýýýýýýý ýýýý 5 ýýýýýýýýýý,15500000,Howto,1597
639,Harsh Beniwal,15400000,Comedy,5724
640,FFUNTV,15400000,Entertainment,349
641,Mobile Legends: Bang Bang,15400000,Games,6793
642,Roman Atwood Vlogs,15400000,People,1201
643,Mrwhosetheboss,15400000,Tech,2083
644,Genierock,15400000,Music,239
645,zayn,15400000,Music,1401
646,Kerajinan 5-Menit,15400000,Howto,1461
647,FC Barcelona,15300000,Sports,3356
648,Dave and Ava - Nursery Rhymes and Baby Songs,15300000,Education,390
649,LOKESH GAMER,15300000,Games,6356
650,ILYA BORZOV,15300000,People,441
651,Mazhavil Manorama,15300000,Entertainment,175
652,Pokï¿½ï¿½ï¿½ï¿½ï¿½ï¿½ï¿½ï¿½ï¿½,15200000,Film,13929
653,The MriDul,15200000,Comedy,1593
654,Niana Guerrero,15200000,Entertainment,7153
655,SRK MUSIC,15200000,Music,955
656,Sony LIV,15200000,Entertainment,794
657,T-Series Hamaar Bhojpuri,15200000,Music,728
658,Oyuncak Avï¿,15200000,Entertainment,615
659,CNN,15200000,News,247
660,NDTV India,15200000,News,900
661,It's Mamix,15100000,People,5778
662,Kim Loaiza,15100000,Music,6655
663,Daftar Populer,15100000,Entertainment,4520
664,Musas,15100000,People,3889418
665,Ranz Kyle,15100000,Entertainment,5849
666,PowerfulJRE,15100000,People,2796
667,Mariale,15100000,Entertainment,3241
668,Makiman131,15100000,Entertainment,1760
669,Hongyu ASMR ï¿½ï¿½,15100000,People,4057925
670,Mohamed Ramadan I ï¿½ï¿½ï¿½ï¿½ï¿½ï¿½ï,15100000,Entertainment,1242
671,EdisonPts,15100000,Games,894
672,BIGBANG,15100000,Music,680
673,Rubï¿½ï¿½ï¿½ï¿½ï¿½ï¿½,15100000,Comedy,491
674,ABS-CBN News,15100000,News,404
675,Chapitosiki,15100000,Entertainment,256
676,AdeleVEVO,15100000,Music,309
677,MoreAliA,15000000,Games,1663
678,Chetan Monga Vlogs,15000000,People,457
679,Little Angel - Mï¿½ï¿½ï¿½ï¿½ï¿½ï¿½ï¿½ï¿½ï¿½ï¿½,15000000,Education,548
680,League of Legends,15000000,Games,805
681,TheRichest,15000000,Games,4057944
682,XpressTV,15000000,Entertainment,1907
683,PlayStation,15000000,Games,1469
684,Kwebbelkop,15000000,Film,857
685,Republic Bharat,15000000,News,1145576
686,THE BROWN SIBLINGS,15000000,Entertainment,577
687,Sony Music South,15000000,Music,439
688,BigSchool,15000000,Film,4056600
689,Ray William Johnson,15000000,Comedy,423
690,KOMPASTV,15000000,News,331
691,ISSEI / ï¿½ï¿½ï¿½ï¿½,15000000,Comedy,277
692,Zï¿½ï¿½ï¿½ï¿½ï¿½ï¿½ï,15000000,Music,347
693,A2 Motivation by Arvind Arora,15000000,Entertainment,544
694,50 Cent,14900000,Music,435
695,MNCTV OFFICIAL,14900000,Entertainment,639
696,ERB,14900000,Entertainment,1886
697,melanie martinez,14900000,Music,1656
698,iTownGamePlay *Terror&Diversiï¿½ï,14900000,Games,1377
699,ýýýýýýýýýýýý8 : Thai Ch8,14900000,Entertainment,1181
700,ZutiGang,14900000,People,192
701,ýýýýýý,14900000,News,3609784
702,TazerCraft,14900000,Games,1066
703,Bayashi TV,14900000,Autos,3468229
704,Fueled By Ramen,14800000,Entertainment,276
705,CrashCourse,14800000,Education,5533
706,MattyBRaps,14800000,Music,2226
707,Lachlan,14800000,Games,1253
708,ýýýýýýýý ýýýýýýýý,14800000,Howto,828
709,Meghan Trainor,14800000,Music,580
710,Jorge & Mateus Oficial,14800000,Music,529
711,Major Lazer Official,14800000,nan,4057944
712,Beast Philanthropy,14800000,Games,3968552
713,Filaretiki,14800000,People,195
714,5-Minute Crafts Recycle,14800000,Howto,554
715,ýýýýýýýýýý ýýýýýýýýýýýý,14700000,Entertainment,4276
716,Maha Fun Tv,14700000,Entertainment,8317
717,Canal Nostalgia,14700000,Entertainment,325721
718,The Slow Mo Guys,14700000,Education,3746
719,StudyIQ IAS,14700000,Education,1879
720,Chad Wild Clay,14700000,Entertainment,885
721,CollegeHumor,14700000,Comedy,798
722,Netflix Jr.,14700000,Education,552
723,Colors Rishtey,14700000,Entertainment,310
724,ABC News,14700000,News,289
725,Camila Loures,14700000,Entertainment,1501
726,Doc Tops,14600000,Entertainment,3458
727,Auron,14600000,Games,2455
728,Jesser,14600000,Entertainment,2223
729,Planeta das Gï¿½ï¿½,14600000,Entertainment,1534
730,PrestonPlayz,14600000,Entertainment,621
731,Martin Garrix,14600000,Music,1044
732,O Reino Infantil,14600000,Music,369
733,Fifth Harmony,14600000,Music,659
734,Mis Pastelitos,14600000,Music,3248
735,Noman Official,14600000,Film,1185
736,LEGENDA FUNK,14500000,Music,
737,Like Nastya Stories,14500000,Entertainment,848
738,les boys tv2,14500000,Film,1565
739,Lotus Music,14500000,Tech,5926
740,IDEIAS INCRï¿½ï¿½,14500000,Howto,2269
741,Reaction Time,14500000,Entertainment,1747
742,BBC News,14500000,News,1548
743,Eli Kids - Cartoons & Songs,14500000,Music,1423
744,Boram Tube ToysReview [ï¿½ï¿½ï¿½ï¿½ï¿½ï¿½ï¿½ï¿½ï¿,14500000,People,1364
745,Aadishakti Films,14500000,Music,981
746,Telemundo,14500000,Entertainment,592
747,GMM25Thailand,14500000,Entertainment,502
748,TV9 Bharatvarsh,14500000,News,414
749,Maroon5VEVO,14500000,Music,123
750,Saad Lamjarred | ï¿½ï¿½ï¿½ï¿½ï¿½ï¿,14500000,Music,1710
751,Hear This Music,14500000,Music,518
752,Lilly Singh,14500000,Comedy,2297
753,ýýýýýýýýýýýýýýýýýýýýý,14400000,Entertainment,21132
754,Gyan Gamingï¿½,14400000,Games,4292
755,Drawblogs,14400000,Entertainment,6402
756,NOBRU,14400000,People,4057274
757,ýýýýýýýýýýýý ýýýýýýýýýýýý I ýýýýýý ýý ýýýýýýýýýý,14400000,Entertainment,2934
758,Cyprien,14400000,Comedy,2767
759,Rclbeauty101,14400000,Entertainment,1986
760,Coke Studio,14400000,Music,23796
761,Indore Physical Academy,14400000,People,1793
762,Rosanna Pansino,14400000,Howto,1552
763,Harry Styles,14400000,Games,4037956
764,Vlad and Niki PRT,14400000,Entertainment,918
765,RS 1313 SHORTS,14400000,Entertainment,647
766,Zig & Sharko,14400000,Film,534
767,SelenaGomezVEVO,14400000,Music,354
768,ZEE5,14400000,Entertainment,142
769,Super Polina,14300000,Entertainment,1452
770,Rebecca Zamolo,14300000,Entertainment,4054606
771,Wish 107.5,14200000,Music,1036
772,Invento na Hora,14200000,Entertainment,1877
773,SIS vs BRO,14200000,Entertainment,3739171
774,NikkieTutorials,14200000,Entertainment,5764
775,TommyInnit,14200000,Games,4696
776,E-MasterSensei,14200000,Games,1971
777,infobells - Kannada,14200000,Education,912
778,Crazy Frog,14200000,Games,4057944
779,The Dodo,14200000,nan,4050736
780,SEVENGERS,14200000,Comedy,422
781,Zee Bangla,14200000,Entertainment,352
782,DangMattSmith,14200000,Entertainment,2485
783,Neha Kakkar,14100000,Music,4624
784,#Refugio Mental,14100000,Entertainment,2218
785,ýýýýýýýýýýýýýýýýýýýý ýýýýýýýýýýýýýýýýýýýý,14100000,nan,3999155
786,Trap City,14100000,People,4032620
787,Supercar Blondie,14100000,Autos,1202
788,Yudist Ardhana,14100000,Entertainment,1029
789,Lana Del Rey,14100000,Music,856
790,MalumaVEVO,14100000,Music,138
791,F2Freestylers - Ultimate Soccer Skills Channel,14100000,Sports,2530
792,Bie The Ska,14100000,Entertainment,1531
793,AM3NlC,14000000,People,1392
794,Narins Beauty,14000000,Entertainment,4325
795,TV Ana Emilia,14000000,Entertainment,1504
796,ýýýýýýýýýýýý,14000000,Games,703
797,Luli Pampï¿½,14000000,Music,579
798,Gallina Pintadita,14000000,Film,477
799,ViralHog,14000000,Animals,136
800,ETV Jabardasth,14000000,Comedy,268
801,Zee Telugu,14000000,Music,4039216
802,Crescendo com Luluca,14000000,People,1327
803,Jazzghost,13900000,Games,1140
804,karameeshchannel,13900000,Music,526
805,Darkar Company Studios,13900000,Comedy,4234
806,Dental Digest,13900000,People,745
807,T-Series Regional,13900000,Music,1275
808,ADEL et SAMI,13900000,Entertainment,1200
809,Jamuna TV,13900000,Entertainment,4056658
810,Atlantic Records,13900000,Music,307
811,ýýýýýýýý ýý ýýýýýýýýýýýý,13900000,People,600
812,Veritasium,13900000,Education,4466
813,Alexa Rivera,13900000,Entertainment,2613
814,Airrack,13800000,Entertainment,4285
815,Hacksmith Industries,13800000,Tech,5524
816,JD Pantoja,13800000,Music,7134
817,ýýýýýýýý/Atro,13800000,Games,3690
818,123 GO! Spanish,13800000,Howto,1361
819,Geo News,13800000,News,1127
820,Kids TV India Hindi Nursery Rhymes,13800000,Education,898
821,Think Music India,13800000,Music,374
822,O Que Nï¿½ï¿½ï¿½ï¿½ï¿½ï¿,13700000,Entertainment,5035
823,Goldmines Premiere,13700000,Film,5047
824,MAIKI021,13700000,Entertainment,5135
825,The Vishal bhatt,13700000,Comedy,487
826,NishaMadhulika,13700000,Howto,2972
827,MyMissAnand,13700000,Entertainment,1387
828,FAPTV,13700000,Comedy,1205
829,Wesley Safadï¿½,13700000,Music,631
830,infobells,13700000,Education,1289
831,Desi Gamers,13700000,Tech,4057849
832,Acenix,13600000,Games,4572
833,Zeinab Harake,13600000,People,13437
834,DALLMYD,13600000,Sports,5133
835,Lindsey Stirling,13600000,Music,2084
836,JOJO TV - Hindi Stories,13600000,Film,1303
837,BBC,13600000,Entertainment,474
838,Saturday Night Live,13600000,Comedy,232
839,BUDI01 GAMING,13500000,Games,9540
840,Typical Gamer,13500000,Games,1716
841,Anaysa,13500000,Howto,2364
842,JULIA GISELLA,13500000,Music,3767960
843,Awakening Music,13500000,Music,1183
844,Lady Diana,13500000,People,620
845,Sanjoy Das Official,13500000,Games,1954
846,Woody & Kleiny,13500000,Entertainment,333
847,Vijay Kumar Viner Vlogs,13500000,Entertainment,663
848,Conor Maynard,13500000,Music,3257
849,Wengie,13500000,Howto,5297
850,Vlad y Niki Show,13400000,Entertainment,1537
851,Codiscos,13400000,Music,330
852,The World Adventures ï¿½ï¿½ï¿½ï¿½ï¿½ï¿½,13400000,People,4540
853,Vibhu 96,13400000,Education,342460
854,Blockbuster Movies,13400000,nan,4057944
855,ATHLEAN-Xï¿½,13400000,Howto,4039
856,My Mate Nate,13400000,Entertainment,2436
857,H2ODelirious,13400000,Games,1683
858,GMA Integrated News,13400000,News,486
859,Peet Montzingo,13400000,People,433
860,The Q,13400000,Sports,3846885
861,Trakin Tech,13300000,Tech,4152
862,theRadBrad,13300000,Games,1038
863,Matt Steffanina,13300000,Entertainment,14275
864,Stray Kids,13300000,Comedy,4057875
865,Kurt Hugo Schneider,13300000,Entertainment,2110
866,Vogue,13300000,People,1789
867,ýýýýýýýýýýýýýýýýýý,13300000,Entertainment,927
868,Kids Lineï¿½ï¿½ï¿½ï¿½ï¿½ï¿½ï¿½,13300000,Education,524
869,VexTrex,13300000,Entertainment,669
870,penguinz0,13300000,Entertainment,689
871,Just For Laughs Gags,13300000,Comedy,764
872,Kabita's Kitchen,13300000,Howto,3123
873,BanderitaX,13300000,Games,1818
874,AzzyLand,13300000,Entertainment,949
875,HUBAï¿½ï¿½,13200000,Entertainment,454
876,BIBO ï¿½ï¿½ï¿½ï¿½ï¿½ï¿,13200000,Entertainment,9855
877,Brawl Stars,13200000,Games,4846
878,Ei Nerd,13200000,Games,4057944
879,Sonotek Bhakti,13200000,Music,2063
880,Vilmei,13200000,People,1786
881,MC Divertida,13200000,Entertainment,1269
882,The Infographics Show,13200000,Education,1252
883,jbalvinVEVO,13200000,Music,113
884,ýýýýýýTwinsFromRussia,13200000,People,503
885,Technology Gyan,13200000,Tech,9955
886,CookingShooking Hindi,13200000,Howto,5855
887,Ryan Trahan,13100000,People,4051001
888,Alex Gonzaga Official,13100000,People,7733
889,WiederDude,13100000,Games,3275
890,Ian Boggs,13100000,Entertainment,520
891,Lokdhun Punjabi,13100000,Music,1484
892,Knowledge Tv ï¿½ï¿½ï¿½ï¿½ï¿½ï¿½,13100000,People,4054334
893,Painzeiro,13100000,People,3545
894,Peppa Pig em Portuguï¿½ï¿½ï¿½ï¿½ï¿½ï¿½ï¿½ï¿½ï¿,13100000,Film,1770
895,ýýýýýýýýýýýýýýý Ms Yeah,13100000,Howto,1650
896,Hungria Hip Hop,13100000,Music,1541
897,RaptorGamer,13100000,Games,3044
898,RedeTV,13100000,Entertainment,1240
899,twenty one pilots,13100000,Music,1255
900,DJ Khaled,13100000,Music,3967392
901,Davie504,13000000,Entertainment,3340
902,Everson Zoio,13000000,Entertainment,11340
903,Calon Sarjana,13000000,Entertainment,772571
904,Lofi Girl,13000000,Music,6059
905,Jomy Production,13000000,nan,3686280
906,GH'S,13000000,Games,553
907,JesseAndMike,13000000,Entertainment,440
908,Wolfoo Channel,13000000,People,4035874
909,Susy Mouriz,13000000,Entertainment,969
910,7 Minutoz,13000000,Music,1692
911,The LaBrant Fam,13000000,People,1557
912,Pastor Antï¿½ï¿½ï¿½ï¿½ï,12900000,People,4602
913,Matheus Yurley,12900000,Entertainment,93531
914,gymvirtual,12900000,Sports,3645
915,BIBOï¿½ï¿½ï¿½ï¿½ï,12900000,Entertainment,2649
916,Top Viral Talent,12900000,Entertainment,2177
917,Akon,12900000,Music,976
918,AlArabiya ï¿½ï¿½ï¿½ï¿½ï¿,12900000,News,737
919,Rauw Alejandro,12900000,Music,348
920,EnriqueIglesiasVEVO,12900000,Music,210
921,ýýýýýýýý ýýýý ýýýýýýýýýýýýýý,12900000,Entertainment,1164
922,The Shiny Peanut,12900000,Entertainment,3109
923,Talking Angela,12800000,Film,2184
924,Melon City Show - ï¿½ï¿½ï¿½ï¿½ï¿½ï¿½ï¿½ï¿½ï¿½ï¿½ï¿,12800000,Comedy,1087
925,Duo Tiempo De Sol,12800000,Education,896
926,Troom Troom India,12800000,Howto,873
927,MrSuicideSheep,12800000,Entertainment,842
928,Adam W,12800000,Comedy,492
929,Right to Shiksha,12800000,Education,670
930,Beyoncï¿½ï¿½,12800000,Music,250
931,FACT FIRE KING,12700000,Games,9683
932,Ian Lucas,12700000,Entertainment,4052208
933,Franco Escamilla,12700000,Comedy,1740
934,Adexe & Nau,12700000,Music,1563
935,Diana and Roma IND,12700000,Entertainment,1173
936,Jass Records,12700000,Music,4056853
937,Future,12700000,Film,270216
938,YoungBoy Never Broke Again,12700000,Music,279
939,Blossom,12700000,Howto,1472
940,#Refï¿½ï¿½ï¿½ï¿½,12700000,Entertainment,2218
941,Piuzinho,12700000,Games,10642
942,Heidi y Zidane,12700000,People,1052
943,Go Ami Go!,12700000,People,5821
944,Morgz,12600000,Entertainment,2491
945,CaseyNeistat,12600000,People,2681
946,ýýýýýýýýýSULGI,12600000,People,2313
947,NickiMinajAtVEVO,12600000,Music,557
948,Ellie Goulding,12600000,Music,841
949,colinfurze,12500000,Entertainment,6487
950,People Vs Food,12500000,Entertainment,9980
951,Wolfoo Family,12500000,Film,81750
952,Ja Mill,12500000,nan,4048879
953,Health Time,12500000,People,11667
954,Yair17,12500000,Games,7741
955,Little Baby Bum en Espaï¿½ï,12500000,Education,843
956,First We Feast,12500000,Entertainment,2892
957,Mï¿½ï¿½ï¿½ï¿½,12500000,Entertainment,2691
958,Bebefinn - Nursery Rhymes & Kids Songs,12500000,Entertainment,1794
959,Troom Troom PT,12500000,Howto,1667
960,Parafernalha,12500000,Entertainment,1532
961,NDTV,12500000,News,1395
962,elcarteldesantatv,12500000,Entertainment,743
963,Family Fitness,12500000,Entertainment,413
964,Zee Tamil,12500000,Entertainment,342
965,Flowers Comedy,12500000,Entertainment,337
966,Mundo Bita,12500000,Music,171
967,Wave Music Bhakti,12500000,Music,1299
968,Troom Troom Indonesia,12500000,People,4057418
969,CKM,12500000,Comedy,1621
970,Quantum Tech HD,12500000,nan,3956586
971,_vector_,12400000,Comedy,720
972,DEV Ke Facts,12400000,Education,5034
973,Hero Movies 2023,12400000,People,6116
974,LOUD,12400000,Entertainment,186431
975,Gibby :),12400000,People,3087
976,Gustavo Parï¿½ï¿½,12400000,Comedy,4050768
977,SAAIHALILINTAR,12400000,Entertainment,10271
978,Timba Vk,12400000,Games,3116
979,Heidi and Zidane HZHtube,12400000,Entertainment,1900
980,DaniRep | +6 Vï¿½ï¿½ï¿½ï¿½ï¿½ï¿½ï¿½ï¿½ï¿½ï¿½ï,12400000,Games,847
981,Zee Kids,12400000,Entertainment,709
982,Pari's Lifestyle,12400000,People,702
983,DisneyChannelUK,12400000,Entertainment,306
984,MoniLina,12400000,People,4057944
985,bharatzkitchen HINDI,12400000,Howto,4042
986,TKOR,12400000,People,4057944
987,ANNA KOVA,12400000,Film,4049634
988,Avril Lavigne,12400000,Music,999
989,Caylus,12400000,Games,1442
990,Migos ATL,12400000,Entertainment,833
991,Natan por Aï¿,12300000,Entertainment,525
992,Free Fire India Official,12300000,Games,6141
993,Panda,12300000,Games,129005
994,RobTopGames,12300000,Games,35112
995,Make Joke Of,12300000,Comedy,4568